PMID	Journal Name	Journal Pub Date	Electronic Date	Citations	Publisher	Funding Support	Study Type	MeSH Terms
26195705	Journal of clinical oncology : official journal of the American Society of Clinical Oncology	2015 Aug 20	2015/07/20	9				D014408;Q000032;Q000378|D001943;Q000175;Q000378;Q000473;Q000628|D005260|D006801|D009362|D011446|D014481
26169616	Journal of clinical oncology : official journal of the American Society of Clinical Oncology	2015 Oct 1	2015/07/13					D064146;Q000097;Q000175;Q000517|D000069585;Q000009;Q000031;Q000627|D006401;Q000009;Q000627|D006801|D007962;Q000187|D008495;Q000592|D018579|D012307|D016896
26152670	Pediatrics		2015/07/07	2				D002675|D042241|D061345|D006801|D007223|D007805;Q000175;Q000517
26152105	Undersea & hyperbaric medicine : journal of the Undersea and Hyperbaric Medical Society, Inc			1				D000671|D003131;Q000379|D003646|D003657|D017719;Q000145;Q000628|D019317|D006801|D006931|D023821;Q000379|D064887|D016032|D013997|D014945|D014946;Q000628
26113100	Journal of the American Dental Association (1939)							
25988782	Journal of neurosurgery. Pediatrics			2				D000293|D000900;Q000008|D019072|D002557;Q000009|D002648|D019317|D006801|D006849;Q000601|D057234|D014481
25988781	Journal of neurosurgery. Pediatrics			1				D002557;Q000295|D002648|D004867|D019317|D006801|D006849;Q000601|D014481
25988780	Journal of neurosurgery. Pediatrics			2				D002557|D002648|D002675|D004724|D019317|D006801|D006849;Q000601|D007223|D020542;Q000601|D014481|D014696;Q000379
25988779	Journal of neurosurgery. Pediatrics			4				D002557;Q000379|D002648|D055590|D019317|D006801|D006849;Q000175;Q000601;Q000736|D044583|D038361;Q000379|D025321;Q000379|D014481
25988778	Journal of neurosurgery. Pediatrics			2				D002543;Q000150|D002557|D004322|D019317|D005343;Q000744|D006801|D006849;Q000209;Q000601|D007223|D007231|D007235;Q000601|D044583|D013129;Q000744|D020542|D014481|D014696
25901057	Neurology	2015 Apr 21						D000328|D000927;Q000009;Q000627|D019317;Q000592|D006801|D017410;Q000592|D012306|D012640;Q000188;Q000628|D012955;Q000592
25856777	Chest							D000328|D002648|D003371;Q000209;Q000523|D006184|D006801|D017410|D013001;Q000175;Q000523|D013577|D020323;Q000175;Q000523
25832968	Otolaryngology--head and neck surgery : official journal of American Academy of Otolaryngology-Head and Neck Surgery			19				D000047|D000328|D000900;Q000627|D006801|D010036;Q000379|D012220;Q000175;Q000628|D012852;Q000175;Q000628|D012955|D014481|D057832
25824498	CMAJ : Canadian Medical Association journal = journal de l'Association medicale canadienne	2015 Apr 7	2015/03/30					D000293|D002170|D002648|D002675|D005260|D057238|D006801|D008297|D009765;Q000175;Q000517;Q000628|D050177;Q000175;Q000517;Q000628|D011320
25805375	Gastroenterology			28				D000230;Q000175;Q000628|D058070|D021441;Q000175;Q000628|D019468|D005762|D006801|D033162|D010181;Q000175;Q000628|D010190;Q000175;Q000628|D018570|D012955
25798805	Annals of internal medicine	2015 May 5	2015/03/24	6				D000328|D058070|D035843|D042241|D005260|D006801|D008297|D008403|D018570|D013959;Q000175;Q000628|D013960|D013963;Q000097|D014481
25757133	The journal of trauma and acute care surgery							D001915|D020878|D019317|D006801|D019838;Q000530;Q000628|D017410|D014057|D014949;Q000530;Q000628
25732279	Annals of internal medicine	2015 Mar 3		9				D000596;Q000008|D047070|D057186|D004044;Q000008|D019587|D004599|D006801|D003668;Q000628|D012008|D014945
25732278	Annals of internal medicine	2015 Mar 3		13				D001458|D001513|D057186|D004750|D006801|D056888|D003668;Q000175;Q000453;Q000517|D018570|D012720|D063465|D014481;Q000453
25644617	Otolaryngology--head and neck surgery : official journal of American Academy of Otolaryngology-Head and Neck Surgery							D015670;Q000379|D000281|D000293|D000328|D018926;Q000627|D002648|D002675|D002908|D015897|D000529;Q000379|D017281|D003362|D003937|D004359|D019317|D005260|D005938;Q000008|D006633;Q000627|D006801|D007073;Q000032|D007167;Q000379|D033183|D020024;Q000627|D008297|D059747;Q000379|D008517;Q000379|D015995|D011788|D012017|D065631;Q000175;Q000188;Q000191;Q000453;Q000276;Q000628|D014420;Q000601|D014481;Q000453
25623643	CMAJ : Canadian Medical Association journal = journal de l'Association medicale canadienne	2015 Feb 17	2015/01/26	11				D000328|D001521|D015897|D003376|D003924;Q000453;Q000517|D004734|D006801|D008019|D009765;Q000453;Q000517|D050177;Q000517|D017410|D011320|D016032|D015430
25590212	The Journal of clinical endocrinology and metabolism		2015/01/15	50				D004704|D019317|D006801|D009765;Q000188
25569493	Journal of the American Dental Association (1939)		2014/12/18					
25539215	The journal of trauma and acute care surgery			10				D001011;Q000293;Q000601|D003952|D006801|D057772;Q000175;Q000601|D014949;Q000175;Q000601
25529153	Annals of emergency medicine							D000328|D000784;Q000175;Q000530;Q000628;Q000736|D017545;Q000175;Q000530;Q000628;Q000736|D015415;Q000097|D003661|D004452|D005338;Q000032|D006801|D012307|D014057
25522203	Chest			9				D000293|D000328|D000368|D000369|D000996;Q000627|D035843|D002648|D002675|D002908|D003371;Q000175;Q000188|D006801|D007223|D008875|D063868|D010506|D011788|D012720|D011795|D016896|D064232|D055815
25447850	Gastroenterology		2014/10/31	23				D000998;Q000627|D015415;Q000097|D004279;Q000097|D006509;Q000175;Q000188;Q000276;Q000517;Q000821|D006510;Q000097|D006514;Q000097|D006515;Q000187;Q000235;Q000276;Q000472|D006801|D007166;Q000009|D012008|D016896|D019562|D014775;Q000187
25419853	Annals of internal medicine	2015 Jan 20	2014/11/25	20				D000293|D000328|D000368|D058070|D002118;Q000627|D019587|D006801|D008403;Q000009|D008875|D018570|D014481|D014807;Q000009;Q000627|D014808;Q000150;Q000175;Q000188|D055815
25406796	The Journal of clinical endocrinology and metabolism			11				D015415;Q000032|D032921|D019317|D006801|D010001;Q000150;Q000175;Q000628|D015203
25383671	Annals of internal medicine	2015 Feb 3	2014/11/11	32				D000328|D002315;Q000009|D062905;Q000009|D017558;Q000009|D006470;Q000517|D006801|D020300;Q000628|D017713|D013129;Q000009|D013921;Q000150;Q000209
25364887	Annals of internal medicine	2014 Nov 4		16				D000328|D000493;Q000627|D065096;Q000627|D019343;Q000627|D005440|D006074;Q000627|D006801|D053040;Q000178;Q000188;Q000517|D055502;Q000379|D049993;Q000627
25359357	The European respiratory journal		2014/10/30	20				D000305;Q000627|D000900;Q000627|D017963;Q000627|D001706|D001989;Q000175;Q000628|D016572;Q000627|D019468|D005541|D005764;Q000453;Q000601|D006084;Q000453;Q000517|D006801|D007166;Q000627|D008168;Q000473;Q000503;Q000530|D016040|D012086|D012307|D016559;Q000627|D014057
25356808	The Journal of clinical endocrinology and metabolism		2014/10/30	56				D000172;Q000175;Q000188;Q000601;Q000628|D003131|D004704;Q000592|D019317|D005260|D006801|D008297|D011247
25349312	Pediatrics			79				D001988;Q000175;Q000517;Q000628|D019468|D006801|D007223
25349003	CMAJ : Canadian Medical Association journal = journal de l'Association medicale canadienne	2014 Nov 4	2014/10/27					D002170|D055088;Q000379|D006801|D008297|D017430;Q000097|D011471;Q000175;Q000401
25321320	Chest							D002170|D019468|D006293;Q000458|D006801|D017410;Q000592|D029424;Q000517|D014481
25313375	Neurology	2014 Oct 14		16				D003937|D019317|D006801|D009136;Q000175;Q000235;Q000503;Q000628|D049288;Q000175;Q000235;Q000503;Q000628
25279570	The Journal of clinical endocrinology and metabolism							D000728;Q000744;Q000172;Q000627|D004704;Q000592|D019317;Q000592|D005260|D020249;Q000592|D006801|D007018;Q000188|D017410|D012955
25273878	Otolaryngology--head and neck surgery : official journal of American Academy of Otolaryngology-Head and Neck Surgery			19				D000293|D000328|D006801|D017410|D014012;Q000175;Q000628|D055815
25264237	Journal of the American Academy of Dermatology		2014/09/26	16				D003876;Q000188;Q000276;Q000517|D003879;Q000627|D019317|D006801|D006967;Q000188;Q000276;Q000517|D007166;Q000627|D017410
25244227	Annals of internal medicine	2014 Dec 16	2014/09/23	4				D000293|D000328|D001521|D035843|D003376|D006801|D015994|D011320|D018570|D040242|D012725|D012749;Q000453;Q000517|D014481;Q000453|D055815
25243785	Annals of internal medicine	2014 Dec 16	2014/09/23	12				D000293|D000328|D000900;Q000627|D058070|D001431|D035843|D002690;Q000175;Q000188;Q000191;Q000517|D042241|D005260|D006069;Q000175;Q000188;Q000191;Q000517|D017048|D006801|D008297|D008403;Q000009|D021141|D011247|D012307|D014481|D055815
25224526	Gastroenterology		2014/09/16	5				D003248;Q000175;Q000188;Q000209|D016527|D004359|D019317;Q000592|D005762;Q000191;Q000592|D005765;Q000009;Q000191;Q000627|D006801|D043183;Q000150;Q000175;Q000188;Q000191|D016896|D014481
25222388	Annals of internal medicine	2014 Sep 16		8				D001521|D001676;Q000379|D004576|D005081|D005260|D006801|D009765;Q000150;Q000628|D017773|D011788|D001743|D014549;Q000150;Q000175;Q000188;Q000628|D015431
25208678	Neurocritical care							D015415|D032921|D003422|D004562|D004569|D006801|D007427|D008991|D009422;Q000378;Q000503;Q000628|D010092|D012720|D012955|D015599
25200125	Annals of internal medicine	2014 Dec 2	2014/09/09	21				D001241;Q000008;Q000009|D035843|D017281|D005260|D006801|D010975;Q000008;Q000009|D011225;Q000401;Q000517|D011247|D011256|D018570
25199761	Journal of clinical oncology : official journal of the American Society of Clinical Oncology	2014 Oct 20	2014/09/08	32				D000069501|D000730;Q000627|D006801|D008297|D009362|D010669;Q000031;Q000627|D017410|D011241;Q000627|D064129;Q000188;Q000401;Q000473;Q000523|D011788|D016032|D043823;Q000627
25185096	Journal of clinical oncology : official journal of the American Society of Clinical Oncology	2014 Oct 10	2014/09/02	35				D000971;Q000627|D014408;Q000032|D001943;Q000737;Q000188;Q000473|D002986|D018572|D004334|D019317|D005260|D006801|D058990;Q000379|D011788|D018719|D016896|D014481
25155419	Annals of internal medicine	2014 Oct 21	2014/08/26	27				D000328|D002318;Q000517|D003376|D004032|D015444|D005260|D015438|D006801|D008019|D008297|D009765|D050177|D012307
25099164	Clinical pharmacology and therapeutics		2014/08/06	11				D000927;Q000008|D065729;Q000235|D005838|D015235;Q000235|D006801|D010597|D010641|D010672;Q000008;Q000009
25089864	Annals of internal medicine	2014 Aug 5		28				D000328|D006801|D017286|D020181;Q000175|D011795
25077519	Expert review of anti-infective therapy		2014/07/30	17				D019072;Q000379|D025065;Q000187|D004305|D004334|D024881|D019317|D005929;Q000150;Q000188;Q000382|D006801|D008193;Q000209;Q000382;Q000517|D017410|D064927;Q000150;Q000188;Q000382
25050579	Neurosurgery			11				D046690;Q000379|D005260|D017408|D006801|D008297|D008875|D009771;Q000628|D014481
25025126	Infection control and hospital epidemiology		2014/07/01	36				D001228;Q000517|D001424;Q000517;Q000635|D019121;Q000517|D042602;Q000235|D003550;Q000150|D018562;Q000517|D006760|D006801|D058889;Q000379|D009164;Q000517|D011159;Q000379|D013203;Q000517
25003392	Annals of internal medicine	2014 Sep 2		20				D000328|D017130|D058070;Q000628|D002339|D016893;Q000150;Q000175;Q000628|D017281|D016894;Q000009|D006801|D008403;Q000009|D011183|D018570|D015607|D020521;Q000517
24979451	Annals of internal medicine	2014 Jul 1		17				D000328|D005260|D005831;Q000175|D058869;Q000191;Q000592|D006801|D008403;Q000592|D012307|D002583;Q000473
24957320	Annals of internal medicine	2014 Aug 19	2014/06/24	29				D000368|D017544;Q000401;Q000601;Q000736|D035843|D002423|D005260|D006801|D008297|D008403;Q000009|D008875|D018570|D012737|D012907
24942828	British journal of haematology		2014/06/18	15				D015415;Q000097|D003937|D005492;Q000627|D005494;Q000175;Q000188;Q000209|D006801|D006879;Q000627|D014806;Q000175;Q000188;Q000209
24937180	Chest			40				D000328|D000959;Q000627|D032921|D003697|D065627|D006801|D006976;Q000188|D017410
24918167	Clinical pharmacology and therapeutics		2014/06/11	2				D004347|D005838|D006801|D019161;Q000009;Q000493;Q000627|D009135;Q000139|D027361;Q000235|D010597|D011110|D019821;Q000009;Q000493;Q000627
24909803	Allergy		2014/06/09	75				D000707;Q000175;Q000453;Q000628|D004632|D005060;Q000453|D006801
24909706	Allergy		2014/06/09	81				D000707;Q000175;Q000453;Q000628|D019468|D005512;Q000175;Q000453;Q000628|D006801
24893135	The Journal of clinical endocrinology and metabolism			101				D000310;Q000175;Q000453;Q000628|D000315;Q000379|D003131|D032921|D003952;Q000379;Q000592|D003940;Q000592|D004704;Q000592|D019317|D006801|D010235;Q000175;Q000453;Q000628|D019990;Q000379;Q000592|D010673;Q000175;Q000453;Q000628|D057285;Q000592
24881969	Molecular genetics and metabolism		2014/05/17	9				D000367|D004032|D019587|D019468|D019317|D005260|D019538|D006801|D016031|D008297|D008375;Q000097;Q000178;Q000601|D017410|D011247
24863637	Annals of internal medicine	2014 Jul 1		20				D000293|D000328|D006509;Q000097;Q000175|D006514;Q000097|D006515;Q000276|D006801|D008403;Q000009|D012307
24854320	The journal of trauma and acute care surgery			8				D003015;Q000453;Q000382;Q000601|D016360|D003428;Q000453;Q000382;Q000601|D006801|D015994|D061646|D017410|D012955|D015996;Q000639|D013997|D014194|D014481;Q000453
24842417	Annals of internal medicine	2014 May 20		17				D000293|D000328|D026683|D000368|D006801|D008403;Q000009|D011320|D018570|D013405;Q000517|D011795|D014481
24813302	Journal of the American Academy of Dermatology		2014/05/09	49				D000287|D000305;Q000008|D065095|D002908|D003876;Q000188;Q000628|D004643;Q000627|D019317|D006633;Q000008|D006801|D017410
24813298	Journal of the American Academy of Dermatology		2014/05/09	35				D000890;Q000627|D001379;Q000627|D016572;Q000627|D003876;Q000188;Q000628|D006633;Q000627|D006801|D007155;Q000627|D007371;Q000627|D008727;Q000627|D009173;Q000031;Q000627|D010789;Q000009
24799546	Pediatrics		2014/05/05	10				D002675|D003299|D003731;Q000517|D003732|D003733|D005457|D005460;Q000008;Q000009|D006801|D007223|D007231|D033183|D008403|D011313;Q000379|D011320|D018570|D014481
24799487	Journal of clinical oncology : official journal of the American Society of Clinical Oncology	2014 Jul 1	2014/05/05	27				D000971;Q000627|D014408;Q000032|D001932;Q000737;Q000532;Q000556;Q000601;Q000628|D001943;Q000737;Q000473;Q000628|D015897|D032921|D016371|D019468|D019317|D005260|D054624|D054625|D006801|D016634|D018719;Q000032|D012955|D016896|D014481
24799465	Journal of clinical oncology : official journal of the American Society of Clinical Oncology	2014 Jul 1	2014/05/05	55				D061067;Q000008|D018931;Q000008|D000971;Q000627|D014408;Q000032|D001943;Q000737;Q000188;Q000401;Q000473|D002986;Q000592|D015897|D004334|D019317|D005260|D054624|D054625|D006801|D008453;Q000008;Q000031|D058990;Q000379|D009570;Q000008|D011799;Q000008|D018719;Q000032|D011960;Q000032|D011980;Q000032|D012955|D043823;Q000008|D000068878|D016896|D014230;Q000008|D014481
24798674	Journal of obstetrics and gynaecology Canada : JOGC = Journal d'obstétrique et gynécologie du Canada : JOGC			18				D001942|D000013;Q000175|D003287|D005260|D005315;Q000175|D005333;Q000033|D019786|D006801|D007231|D008279|D061214|D010921;Q000175|D011247|D011248;Q000175|D011264
24787449	Clinical pharmacology and therapeutics		2014/05/02	9				D000818|D005838|D005955;Q000188;Q000201;Q000235|D006801|D010597;Q000592;Q000639|D014503;Q000627
24759690	MMWR. Recommendations and reports : Morbidity and mortality weekly report. Recommendations and reports / Centers for Disease Control	2014 Apr 25		38				D000293|D000328|D002487|D005193;Q000592|D005260|D006801|D008297|D011247|D014481|D014483
24740195	Journal of neuro-oncology		2014/04/17	6				D000328|D061067;Q000627|D000970;Q000627|D000068258|D001932;Q000188;Q000378|D018450|D018572|D016503;Q000379|D019317|D005909;Q000188;Q000378|D006801|D058990
24733808	Journal of clinical oncology : official journal of the American Society of Clinical Oncology	2014 Jun 20	2014/04/14	93				D000328|D000588;Q000627|D000639;Q000008|D000700;Q000627|D000927;Q000627|D000929;Q000627|D000970;Q000008;Q000009|D001418;Q000008|D015897|D003509;Q000627|D004359|D000068736|D019317|D005782|D006801|D015994|D007649;Q000008|D009369;Q000188|D009437;Q000188;Q000209;Q000517|D010523;Q000139;Q000150;Q000188;Q000503;Q000517|D011788|D016032|D012720|D017741|D013876;Q000627|D016896|D014481|D005680;Q000627
24733803	Journal of clinical oncology : official journal of the American Society of Clinical Oncology	2014 Jun 10	2014/04/14	52				D000328|D005221;Q000209;Q000473;Q000628|D005260|D006801|D008297|D009369;Q000150;Q000523;Q000534|D011788|D017741;Q000523|D016896
24733793	Journal of clinical oncology : official journal of the American Society of Clinical Oncology	2014 May 20	2014/04/14	49				D000293|D000328|D001007;Q000175;Q000209;Q000523;Q000628|D032921|D017281|D003863;Q000175;Q000209;Q000523;Q000628|D004644|D019317;Q000592|D006801|D008495;Q000592|D009369;Q000150;Q000523|D010818;Q000592|D011237|D011788|D012955;Q000592|D016896|D014481|D055815
24712411	British journal of haematology		2014/04/09	12				D000367|D000368|D000971;Q000627|D005260|D006689;Q000175;Q000188;Q000473;Q000532|D006801|D008134;Q000379|D009367|D049268|D011247|D011252;Q000175;Q000188|D011379|D014057
24697491	Allergy		2014/04/03	54				D000328|D000707;Q000517|D001942|D002648|D002675|D019587|D005260|D005512;Q000517|D006801|D007223|D041943|D007227|D007231|D008297|D011247|D011322
24696095	JPEN. Journal of parenteral and enteral nutrition		2014/04/02					D002648|D006801|D007410;Q000628|D008107;Q000209;Q000517|D010288;Q000009|D017410;Q000592|D012307
24685458	The journal of pain : official journal of the American Pain Society			23				D000701;Q000627|D006801|D008691;Q000627|D009293;Q000188
24663815	Annals of internal medicine	2014 Jun 3	2014/03/25	19				D000368|D003072;Q000175;Q000628|D003704;Q000175;Q000628|D006801|D008403;Q000009;Q000191|D009483|D018570|D012680
24663230	Neurology	2014 Mar 25		27				D002186;Q000008;Q000009;Q000627|D000529;Q000592|D019317;Q000592|D017408|D006801|D009103;Q000188;Q000628|D009462;Q000592|D012955;Q000592
24663048	Journal of clinical oncology : official journal of the American Society of Clinical Oncology	2014 May 1	2014/03/24	129				D001943;Q000473|D005260|D006801|D008198;Q000473|D008495;Q000592|D009367|D016032|D021701;Q000379;Q000592
24655445	Annals of emergency medicine			11				D000328|D000927;Q000008;Q000627|D004636;Q000592|D006760|D006801|D055502|D012640;Q000175;Q000517;Q000628|D013226;Q000188
24651602	Genetics in medicine : official journal of the American College of Medical Genetics		2014/03/20	13				D003695|D005817|D005820|D034381;Q000175;Q000209;Q000235;Q000473|D006801|D010817|D017410|D014481
24646069	Archives of pathology & laboratory medicine		2014/03/19	17				D005104|D006801|D007150;Q000592|D007753;Q000592|D010338;Q000592|D011786|D012955|D014481
24641269	Prehospital emergency care : official journal of the National Association of EMS Physicians and the National Association of State EMS Directors			21				D000287|D004632;Q000379;Q000592|D019317;Q000592|D005121;Q000293|D006470;Q000401;Q000628|D006490;Q000008;Q000592|D006801|D023821;Q000379|D008887;Q000379;Q000592|D017410|D012769;Q000517;Q000628|D014111;Q000592|D014481|D014947;Q000150;Q000401;Q000628
24628312	American journal of respiratory and critical care medicine	2014 Mar 15		37				D000328|D000755;Q000150;Q000188;Q000401|D000925;Q000627|D000959;Q000627|D000986;Q000627|D006328|D003661|D015150|D017707|D006801|D006918;Q000627|D006976;Q000175;Q000209;Q000401;Q000628|D058986;Q000627|D018570|D012720
24620735	British journal of haematology		2014/03/13	9				D000912;Q000276|D000937|D000951;Q000276|D001773;Q000473|D001856|D002138;Q000592|D003116|D004356;Q000592|D004867;Q000592|D005434;Q000295;Q000379;Q000592|D005456;Q000592|D005568|D006113|D019337;Q000175;Q000473|D006801|D016130;Q000379;Q000592|D007202|D007834;Q000592|D017056;Q000193|D011786|D015203|D013048;Q000592
24615748	Cancer	2014 May 15	2014/02/25	62				D004999;Q000627|D000700;Q000627|D000890;Q000627|D000893;Q000627|D000897;Q000008|D000970;Q000008;Q000009|D017679|D016207;Q000008|D004941;Q000209;Q000517;Q000628|D019317|D006801|D006931|D036341;Q000008|D028022|D052016;Q000139;Q000209;Q000517;Q000628|D009369;Q000188;Q000532|D009910|D010789|D011349;Q000209;Q000517;Q000628|D020011;Q000627|D011837;Q000627|D011878;Q000009|D013280;Q000139;Q000209;Q000517;Q000628|D013392;Q000008
24615535	Annals of internal medicine	2014 May 6		2				D000293|D000294|D001521;Q000191;Q000379|D035843|D002648|D017281|D003863;Q000517|D017048|D006801|D002189;Q000517;Q000523|D055553|D011320;Q000191|D012309|D013287|D019966;Q000517;Q000523|D014481
24612897	Journal of obstetrics and gynaecology Canada : JOGC = Journal d'obstétrique et gynécologie du Canada : JOGC			5				D000293|D000328|D019072|D005260|D015658;Q000150|D006801|D007434|D008403|D000292;Q000517|D011247|D011253;Q000517|D012749;Q000175|D016585;Q000517
24603191	Journal of the American College of Cardiology	2014 Jun 10	2014/03/03	339				D003663|D006349;Q000175;Q000628|D006801
24598717	Clinical pharmacology and therapeutics		2014/03/05	6				D000627;Q000627|D003550;Q000188|D019005;Q000235|D005820|D006801|D010597|D015363;Q000627|D018570
24581304	HIV medicine			22				D017088;Q000175;Q000188;Q000276|D023241;Q000379|D000998;Q000627|D060085|D005260|D006113|D019983|D015658;Q000150|D006509;Q000175;Q000188;Q000276|D006526;Q000175;Q000188;Q000276|D006801|D016233;Q000379|D008297|D010349|D019562|D014765
24566474	Annals of internal medicine	2014 Apr 15		19				D000328|D002318;Q000517|D019587;Q000009|D006801|D008875|D008903;Q000009;Q000627|D009369;Q000517|D011322|D012106|D018570|D014810;Q000627|D014815;Q000009;Q000627|D019207;Q000627
24566225	Neurology	2014 Feb 25		32				D000047|D000925;Q000627|D001241;Q000627|D001281;Q000150;Q000517|D006801|D017410|D020521;Q000517|D016896|D014481|D014859;Q000627
24531708	JPEN. Journal of parenteral and enteral nutrition		2014/02/14	13				D004339;Q000592|D011307;Q000592|D006801|D007263;Q000379|D010288;Q000379;Q000592|D057947;Q000592|D016032|D012955
24528810	HIV medicine							D023241|D005260|D015658;Q000150;Q000628|D006801|D007167|D016483;Q000175;Q000628;Q000821|D008297|D009367|D011379|D012017|D012514;Q000175;Q000628;Q000821|D002583;Q000175;Q000628;Q000821
24528152	British journal of haematology		2014/02/15	9				D006801|D008258;Q000175;Q000628
24518917	Journal of obstetrics and gynaecology Canada : JOGC = Journal d'obstétrique et gynécologie du Canada : JOGC			13				D000886;Q000379|D003362|D018568|D019317|D005260|D005865|D006801|D016239|D008597|D011247|D016216;Q000191;Q000379|D015017
24516019	Journal of clinical oncology : official journal of the American Society of Clinical Oncology	2014 May 10	2014/02/10	50				D001943;Q000532;Q000601|D005260|D006801|D015412;Q000592|D009361|D009367|D018787;Q000592
24509449	Diseases of the colon and rectum			60				D003107|D003952|D004239;Q000175;Q000453;Q000628|D006801|D012810;Q000175;Q000453;Q000628
24503673	Stroke; a journal of cerebral circulation		2014/02/06	129				D000572|D005260|D017408;Q000592|D006801|D012955;Q000592|D020521;Q000453;Q000517|D014481|D016387;Q000592
24491310	Otolaryngology--head and neck surgery : official journal of American Academy of Otolaryngology-Head and Neck Surgery			11				D000208|D000284|D000287|D000293|D000328|D000700;Q000627|D000900;Q000627|D002648|D002675|D019317|D005260|D005500|D006801|D008297|D010032;Q000150;Q000175;Q000188|D038781;Q000379|D010146;Q000188;Q000209;Q000503|D010147|D017410|D016032|D018570|D012720|D016896|D055815
24490957	Chiropractic & manual therapies		2014/02/03					
24485393	Gastrointestinal endoscopy		2014/01/28	6				D016292;Q000592|D054810;Q000592|D004203;Q000592|D019723;Q000382|D016099;Q000592|D004866;Q000517|D005160;Q000592|D006801|D017053;Q000592|D061214;Q000592|D010561;Q000592|D011481;Q000592
24472258	Journal of the American Academy of Child and Adolescent Psychiatry			43				D000293|D002648|D002659;Q000175;Q000628|D006801|D017410;Q000592
24458010	Clinical pharmacology and therapeutics		2014/01/23	67				D000701;Q000008;Q000009;Q000493|D003061;Q000008;Q000009;Q000493|D019389;Q000235;Q000378|D005820|D005838|D006801|D009020;Q000378|D010597|D011110
24444289	Journal of obstetrics and gynaecology Canada : JOGC = Journal d'obstétrique et gynécologie du Canada : JOGC			2				D002170|D002869|D000013|D005260|D005307;Q000009|D005817|D005820|D018392|D006801|D007230|D007231|D007248;Q000628|D008297|D008423|D011247|D011256|D011272|D019836|D047928|D027724;Q000009|D012307|D056826|D020554;Q000009
24438649	Annals of emergency medicine			27				D015760|D000698;Q000009;Q000592|D000768;Q000592|D019296;Q000592|D016292;Q000009;Q000592|D054810;Q000592|D020927|D004636;Q000364;Q000592|D005045|D006801|D007649|D010880|D015742
24424622	Annals of internal medicine	2014 Mar 18		18				D058070|D017281|D016640;Q000175;Q000628|D005260|D005865|D005951|D006801|D007231|D008403;Q000009|D011247|D011256|D011262|D018570|D016896
24405880	Journal of obstetrics and gynaecology Canada : JOGC = Journal d'obstétrique et gynécologie du Canada : JOGC			11				D023802;Q000009;Q000379|D054791|D002584;Q000736|D005260|D006801|D011247|D018570|D002581;Q000175;Q000601
24405879	Journal of obstetrics and gynaecology Canada : JOGC = Journal d'obstétrique et gynécologie du Canada : JOGC			3				D000293|D003357;Q000941|D003376|D019317|D005260|D006801|D008389|D010819|D014621;Q000601|D014844;Q000601
24378917	Annals of internal medicine	2014 Mar 4	2013/12/31	208				D000368|D000369|D017281|D037001|D055088;Q000009;Q000379|D005260|D006801|D008168;Q000530|D008175;Q000517;Q000530;Q000601|D008297|D008400;Q000009|D008403;Q000009;Q000191;Q000379|D008875|D015233|D018570|D012907;Q000009|D016540|D013183;Q000166|D014057;Q000009
24376275	Neurology	2014 Jan 14	2013/12/27	24				D000342;Q000209;Q000523|D003863;Q000175;Q000523|D039721|D019317|D006801|D001523;Q000175;Q000209;Q000523;Q000628|D009103;Q000150;Q000523|D011569|D011795
24372298	British journal of haematology		2013/12/23	7				D006801|D009190;Q000175;Q000628
24366376	Annals of internal medicine	2014 Feb 18	2013/12/24	46				D001943;Q000235;Q000517|D005185;Q000235;Q000517|D005260|D019398|D024522|D005817|D020022|D005820|D006801|D009154|D010051;Q000235;Q000517|D018570
24352797	JAMA	2014 Feb 5		1331				D000368|D000806;Q000627|D000959;Q000627|D001794|D002121;Q000627|D019317|D006801|D006973;Q000150;Q000188|D008875|D016032|D012016
24352112	MMWR. Recommendations and reports : Morbidity and mortality weekly report. Recommendations and reports / Centers for Disease Control	2013 Dec 20		14				D026683|D002487|D006282|D006509;Q000517;Q000635|D017325;Q000008|D006801|D017758;Q000517|D056990|D017410|D014481
24346178	Anesthesiology			70				D032921|D019317|D006801|D007297|D007430|D008499|D008991|D010045|D010149;Q000628|D010351;Q000592|D019990;Q000592|D011182|D011300|D016032|D020181;Q000150;Q000628
24345831	Journal of pediatric gastroenterology and nutrition			56				D002648|D002675|D032921|D003248;Q000175;Q000628|D019317|D005762|D005767;Q000175;Q000628|D006801|D007223|D010372
24337046	The European respiratory journal		2013/12/12	242				D000305;Q000627|D001249;Q000175;Q000628|D015415|D002986|D015897|D006801|D007107|D007073;Q000276|D007391|D010641|D017410|D015272;Q000379;Q000592|D012307
24332405	Gastrointestinal endoscopy		2013/12/12	7				D003680;Q000175;Q000601|D019468|D016099;Q000379|D006801|D017410
24330011	HIV medicine			3				D000328|D044966;Q000627|D023241|D006113|D015658;Q000188|D015497|D006801
24316941	Diseases of the colon and rectum			21				D000208|D000893;Q000627|D002908|D003082|D003093;Q000150;Q000175;Q000188;Q000601|D003110;Q000175;Q000209|D039021|D003131|D017558|D004638|D006801|D007081|D011183;Q000175;Q000628|D016737|D018570|D012720
24313974	The British journal of dermatology			13				D000276;Q000627|D000634;Q000627|D000964;Q000627|D001913;Q000628|D002425;Q000379|D003131;Q000379|D003365|D017679;Q000379|D003475;Q000379|D005472;Q000627|D005544|D006801|D053685;Q000379|D008297|D015580;Q000379|D009260;Q000628|D010412;Q000628|D010778;Q000379|D012878;Q000628
24313720	The Journal of orthopaedic and sports physical therapy			7				D016512;Q000175;Q000628|D003937|D006801|D007593;Q000175;Q000628|D008023;Q000293|D012307
24311479	Clinical infectious diseases : an official publication of the Infectious Diseases Society of America		2013/12/04	104				D000293|D000328|D000368|D002648|D002675|D006801|D016867|D007223|D008875|D014611;Q000379|D055815
24297193	Annals of internal medicine	2013 Dec 3		23				D000328|D018798;Q000150;Q000628|D002423|D003327;Q000150;Q000401|D017707;Q000009|D017079|D006333;Q000150;Q000401|D006397;Q000009;Q000627|D006801|D007275|D007501;Q000009;Q000627|D011788
24290467	Journal of the American Academy of Child and Adolescent Psychiatry			20				D000293|D002648|D006801|D017410|D013981;Q000175;Q000453;Q000628
24290431	Journal of the American Academy of Dermatology		2013/11/27					D000293|D000328|D000367|D015415;Q000097|D002648|D002908|D015897|D003876;Q000175;Q000453;Q000628|D019317|D005260|D006801|D008297|D010808|D017410|D011379|D011788|D018570|D012720|D055815
24276469	Annals of internal medicine	2014 Jan 7		12				D000293|D000328|D058070|D055088|D006801|D008403|D009062;Q000175;Q000628|D011320|D018570|D055815
24267800	The Canadian journal of cardiology			19				D000293|D000465|D047228;Q000627|D000806;Q000627|D019571;Q000150;Q000175|D015415;Q000097|D002170|D009202;Q000150;Q000175|D002316;Q000627|D002395;Q000627|D002648|D002675|D003131|D016757;Q000209;Q000517|D003937|D004232;Q000627|D004452|D015716|D019317|D006330;Q000175;Q000628|D006333;Q000145;Q000175;Q000188;Q000209|D006801|D007223|D008279|D009205;Q000150;Q000175|D009206;Q000473|D011379|D012307|D012955|D014665;Q000627|D014667;Q000037
24267474	Gastroenterology							D015122;Q000627|D001379;Q000627|D003424;Q000188|D005762|D006801|D008727;Q000627|D012074|D012955|D014409;Q000037|D014481
24262386	Journal of manipulative and physiological therapeutics		2013/11/19	13				D019317|D006801|D026882|D019547;Q000628|D017410|D016032
24246404	Journal of obstetrics and gynaecology Canada : JOGC = Journal d'obstétrique et gynécologie du Canada : JOGC			9				D000293|D002170|D002648|D002675|D019093;Q000009;Q000208;Q000331|D005260|D006176;Q000379|D007722;Q000208|D006801|D009774;Q000379|D016387
24239923	Journal of the American College of Cardiology	2014 Jul 1	2013/11/12	622				D000328|D000572;Q000458|D002309;Q000458|D008076;Q000097|D008078;Q000097|D003324;Q000097;Q000517|D006801|D019161;Q000627|D006937;Q000097;Q000188|D018570|D012307|D040242|D012955|D014481
24239922	Journal of the American College of Cardiology	2014 Jul 1	2013/11/12	167				D000572;Q000458|D002309;Q000458|D002318;Q000517|D004032|D015444|D006801|D008019|D015995|D012307|D040242|D012955|D014481;Q000453
24239921	Journal of the American College of Cardiology	2014 Jul 1	2013/11/12	255				D000572;Q000458|D001794|D002309;Q000458|D002318;Q000453|D004032|D006801|D009017;Q000639|D018570|D012307|D012955|D012982;Q000008|D014481;Q000453
24239920	Journal of the American College of Cardiology	2014 Jul 1	2013/11/12	155				D000328|D000572;Q000458|D001794|D015992|D002309;Q000458|D015928;Q000379|D003324;Q000517|D006801|D008019|D009765;Q000628|D050177;Q000628|D015995|D011379|D012955|D014481;Q000453
24222709	Respiratory care		2013/11/12	18				D000328|D058109;Q000379|D001945;Q000379|D002648|D003371;Q000503|D006760|D006801|D009468;Q000503;Q000628|D062072|D018579|D026741|D012138;Q000379|D012140;Q000145;Q000175;Q000503;Q000628|D013147;Q000379
24194617	The Journal of clinical endocrinology and metabolism			63				D004704;Q000592|D019317|D005260|D006801|D017410|D011247|D011254;Q000628|D012955
24189771	Otolaryngology--head and neck surgery : official journal of American Academy of Otolaryngology-Head and Neck Surgery			25				D020330;Q000175;Q000628|D019468|D006801|D010036;Q000379|D012955|D014481
24183641	Journal of clinical densitometry : the official journal of the International Society for Clinical Densitometry			18				D015502;Q000592|D001823|D015519|D003226|D006801|D010024;Q000530|D015203|D012955
24183640	Journal of clinical densitometry : the official journal of the International Society for Clinical Densitometry			14				D015502;Q000592|D001823|D015519|D003226|D006801|D010024;Q000530|D017410|D012955
24165063	Journal of obstetrics and gynaecology Canada : JOGC = Journal d'obstétrique et gynécologie du Canada : JOGC			5				D019072|D005260|D005322;Q000188;Q000382|D006801|D007231|D011247|D011251;Q000175;Q000188|D018570|D013290;Q000517|D013292
24165062	Journal of obstetrics and gynaecology Canada : JOGC = Journal d'obstétrique et gynécologie du Canada : JOGC			5				D001344|D004452|D005260|D006801|D015160;Q000175;Q000209;Q000628|D011247|D011295|D011379|D018608|D016216
24157398	Journal of the American Academy of Child and Adolescent Psychiatry			9				D000293|D002648|D004190;Q000517|D005392;Q000379;Q000592|D017408|D006801|D001523;Q000209;Q000517;Q000628|D008605;Q000458;Q000592|D011570;Q000379;Q000592
24151290	The Journal of clinical endocrinology and metabolism		2013/10/22	174				D000293|D000328|D000367|D019317|D005260|D006801|D008875|D011085;Q000175;Q000503;Q000628|D012958
24145991	Annals of internal medicine	2013 Dec 17						D000328|D057911;Q000009;Q000627|D000806;Q000009;Q000627|D000959;Q000009;Q000627|D058070;Q000628|D018450|D004359|D015248;Q000009;Q000627|D006801|D019161;Q000627|D000960;Q000009;Q000627|D007668;Q000503|D008403|D008991|D011507;Q000175|D051436;Q000175;Q000188;Q000503|D012307
24129260	Endocrine practice : official journal of the American College of Endocrinology and the American Association of Clinical Endocrinologists			9				D004700;Q000517|D006801|D008659;Q000517|D018673|D014481
24117159	British journal of haematology		2013/10/01	6				D019008|D006689;Q000628|D006801|D009364;Q000628|D016879
24102514	British journal of haematology		2013/09/17	25				D018380;Q000009|D006504;Q000175;Q000188;Q000209;Q000628|D006801|D010975;Q000008;Q000009;Q000627|D011089;Q000009;Q000627|D012307
24101045	Journal of clinical oncology : official journal of the American Society of Clinical Oncology	2013 Nov 1	2013/10/07	480				D014408;Q000032;Q000235|D001943;Q000235|D005260|D006801|D008495;Q000592|D018719;Q000235|D014481
24099451	Journal of obstetrics and gynaecology Canada : JOGC = Journal d'obstétrique et gynécologie du Canada : JOGC			13				D000650;Q000601|D005260|D006801|D007751;Q000744;Q000379;Q000592|D010120;Q000008|D010121;Q000008|D011247|D011453;Q000008|D013997
24097285	Annals of internal medicine	2013 Nov 5	2013/10/07	21				D000293|D058070|D035843|D002318;Q000517|D002648|D017281|D006801|D006973;Q000175;Q000188;Q000453|D008019|D008403|D015995|D018570|D014481;Q000453
24096968	Clinical pharmacology and therapeutics		2013/10/04	9				D000998;Q000008;Q000627|D004359|D005820;Q000592|D005838|D006526;Q000188|D006801|D016898;Q000008;Q000627|D007378;Q000235|D011092;Q000008;Q000627|D020641;Q000235|D011994;Q000008;Q000627|D012254;Q000008;Q000627|D016896
24092554	Arthritis and rheumatism			33				D000293|D018501;Q000627|D001171;Q000188|D001688;Q000627|D002648|D002675|D006801|D008403;Q000379|D014376;Q000175;Q000188
24090645	Journal of clinical densitometry : the official journal of the International Society for Clinical Densitometry		2013/10/16	11				D015502;Q000379|D000465|D001823|D015519|D003226|D006801|D010024;Q000378;Q000530|D017410|D012955
24076627	Pediatric physical therapy : the official publication of the Section on Pediatrics of the American Physical Therapy Association			12				D055317;Q000379|D006801|D010372|D026741;Q000592|D017410|D014103;Q000151;Q000534|D014481
24076161	Journal of clinical densitometry : the official journal of the International Society for Clinical Densitometry		2013/09/26	6				D015502;Q000592|D015519|D003226|D016208|D006801|D009749;Q000379|D010024;Q000175|D017410|D018570;Q000379|D012955
24074479	Journal of the American Academy of Child and Adolescent Psychiatry			5				D000293|D000296;Q000592|D002648|D002665;Q000592|D054521;Q000523|D017408;Q000592|D006801|D012955;Q000592
24063846	Journal of clinical densitometry : the official journal of the International Society for Clinical Densitometry		2013/09/22	12				D015519|D003720;Q000592|D006801|D017410|D012307|D012955|D016103;Q000209;Q000530
24061345	Annals of internal medicine	2013 Oct 1		48				D045422|D003924;Q000209;Q000517|D006333;Q000209;Q000517|D006801|D019186|D009203;Q000209;Q000517|D009765|D009967|D011788|D020181;Q000150;Q000628|D020521;Q000209;Q000517
24055260	Journal of clinical densitometry : the official journal of the International Society for Clinical Densitometry		2013/09/20	9				D015502;Q000592|D000368|D015519|D005260|D017408|D006801|D008297|D008403|D010024;Q000378;Q000530|D018570;Q000379
24033102	British journal of haematology		2013/08/27	13				D000970;Q000008;Q000009;Q000627|D016543;Q000175;Q000517;Q000556;Q000628|D018890|D006801|D012306|D013997
24026320	Annals of internal medicine	2013 Sep 3		37				D000328|D055109|D001241;Q000009;Q000627|D058070|D002318;Q000453|D017281|D042241|D005343;Q000009;Q000627|D006470;Q000139|D006801|D008403;Q000009;Q000379|D058729;Q000175;Q000188|D011237|D018570
24014130	Journal of genetic counseling		2013/09/07	6				D000483|D003550;Q000175;Q000235|D019005;Q000235|D005817;Q000364|D006580|D006801|D009154|D017410|D011296
24007710	Journal of obstetrics and gynaecology Canada : JOGC = Journal d'obstétrique et gynécologie du Canada : JOGC			20				D002170|D019468|D005260|D005317;Q000175;Q000453;Q000517|D005865|D006801|D007230|D007231|D008403|D018743;Q000379;Q000592|D011247|D018570|D012307|D016216;Q000379
23988873	Clinical pharmacology and therapeutics		2013/08/29	70				D000964;Q000008;Q000009|D000069287|D003841;Q000008;Q000009;Q000031|D054067;Q000175;Q000235|D042943;Q000235|D005260|D005472;Q000008;Q000009;Q000031|D005838|D006801|D033162|D008297|D018570|D012737|D005641;Q000008;Q000009
23986299	Neurology	2013 Oct 15	2013/08/28	55				D000328|D002648|D004827;Q000628|D019317;Q000592|D006801|D009462;Q000592|D017410;Q000592|D012955;Q000592|D014481|D055536;Q000009;Q000592
23985562	Menopause (New York, N.Y.)			102				D000282|D001284;Q000188|D004414;Q000188|D015914;Q000379|D004967;Q000627|D005260|D006801|D008875|D009656|D017698|D017410|D012735;Q000188;Q000517|D012955;Q000592|D014621;Q000378;Q000473|D014622;Q000627|D016387
23976769	JPEN. Journal of parenteral and enteral nutrition		2013/08/23	34				D000328|D032921|D003422|D016638|D004044;Q000008|D002149|D006760|D006801|D008286;Q000178|D018977;Q000008|D044623|D009751|D018529|D009765;Q000628|D011183;Q000517
23974083	Annals of internal medicine	2013 Oct 15		13				D000293|D001521|D035843|D002648|D054626|D017281|D003376|D006801|D010353|D011320;Q000379|D016540|D014029;Q000517
23972700	Journal of the American Academy of Child and Adolescent Psychiatry			27				D000293|D014150;Q000009;Q000627|D002648|D042241|D006801|D010353|D010818|D011613|D012559;Q000175;Q000628|D012565|D016896|D014481
23970591	International journal of STD & AIDS		2013/07/25					D000900;Q000627|D002692;Q000187;Q000302|D016358|D019468|D006113|D015658;Q000517|D006801|D008219;Q000175;Q000188;Q000209|D013048
23929010	Diseases of the colon and rectum			11				D000038;Q000175;Q000209;Q000601|D000900;Q000627|D000891;Q000627|D002908|D003131|D004322|D015718;Q000627|D006204|D006801|D008487|D019800;Q000627|D010808|D010864;Q000150;Q000175;Q000628|D019651|D013524|D014014;Q000627
23901131	Respiratory care		2013/07/30	12				D001784;Q000592|D006801|D008991;Q000379;Q000592|D010092;Q000379;Q000592|D010100;Q000097|D017410
23897874	Neurology	2013 Jul 30		29				D000047;Q000592|D018492;Q000009|D019317;Q000379;Q000592|D006801|D009069;Q000175;Q000628|D009462;Q000379;Q000592|D017410;Q000592|D058028;Q000592|D056737;Q000379|D013577
23896955	The American journal of gastroenterology		2013/07/30	194				D000208|D002760|D004322|D005762|D006801|D010179;Q000530;Q000601|D010183;Q000530;Q000601|D010195;Q000530;Q000601|D011379
23880483	Thorax			73				D000328|D003131|D006113|D006801|D029424;Q000150;Q000534|D012017;Q000458|D012138|D012955
23877351	The American journal of gastroenterology		2013/07/23	72				D003937|D003952|D004931;Q000175;Q000503;Q000628|D004945|D019317|D006801|D008365|D018579
23867371	Gastrointestinal endoscopy			15				D001471;Q000473|D001706;Q000379|D046728;Q000473|D016099;Q000379|D057765;Q000473|D004941;Q000473;Q000821|D005753;Q000473|D005757;Q000473|D005764;Q000473|D005767;Q000473|D041981;Q000473|D016481;Q000473|D006801|D015212;Q000473|D007413;Q000473|D009092;Q000473|D010437;Q000473|D011127;Q000473|D013048;Q000379
23860966	Journal of genetic counseling		2013/07/17	10				D000795;Q000175;Q000235;Q000628|D005260|D005817|D006801|D008297|D012955
23860341	Thorax			53				D000328|D000860;Q000175;Q000209|D001145;Q000209|D001999;Q000009;Q000379;Q000592|D016292;Q000379|D004203;Q000379;Q000592|D019317;Q000379|D006470;Q000209|D006801|D007362;Q000592|D008171;Q000175|D011030;Q000209
23842053	Annals of emergency medicine			13				D000328|D000368|D000959;Q000627|D001795;Q000379|D004635;Q000592|D004636;Q000592|D019317|D005260|D005500|D006801|D006973;Q000175;Q000188;Q000503|D008297|D008875|D061214|D017410|D016032|D018570|D012720|D016896
23836431	Liver transplantation : official publication of the American Association for the Study of Liver Diseases and the International Liver Transplantation Society							D000293|D001706|D002648|D002664|D002675|D058625;Q000628|D006801|D007165;Q000379|D007223|D008099;Q000473|D016031;Q000379|D010349|D011183|D012309|D012648|D012955|D014481
23835710	Journal of clinical oncology : official journal of the American Society of Clinical Oncology	2013 Aug 10	2013/07/08	93				D000328|D016588;Q000627|D001943;Q000517|D005260|D006801|D015201|D017410|D016032|D018570|D040242|D013629;Q000627
23818543	Otolaryngology--head and neck surgery : official journal of American Academy of Otolaryngology-Head and Neck Surgery			70				D000367|D000900;Q000627|D002648|D002675|D004867|D034381;Q000175;Q000209;Q000517|D006801|D007223|D008876;Q000009;Q000295|D010033;Q000175;Q000209;Q000601|D018579|D018570|D055502|D016896
23814319	Public health reports (Washington, D.C. : 1974)			29				D000328|D002648|D018562;Q000517|D015658;Q000517;Q000635|D006509;Q000517;Q000635|D006526;Q000517;Q000635|D006801|D016377;Q000009;Q000592|D014019|D014481|D014492
23798026	Annals of internal medicine	2013 Sep 3	2013/06/25	106				D000328|D000367|D000998;Q000009;Q000627|D058070|D017281|D042241|D005260|D019698;Q000150;Q000175;Q000188|D006801|D008403;Q000009|D011247|D011251;Q000175;Q000188|D018570
23796742	Pediatrics			55				D000208|D000293|D000658;Q000627|D019980;Q000627|D000900;Q000627|D001424;Q000175;Q000188|D002648|D002675|D018450|D005260|D006801|D007223|D008297|D019370|D010256;Q000473|D011379|D012141;Q000175;Q000188|D012852;Q000175;Q000188|D014057|D016896|D014481
23790999	American journal of preventive medicine			5				D056352|D016757;Q000517|D006801|D008403;Q000379|D011314;Q000379|D013177|D013334|D014481|D014495
23784109	MMWR. Recommendations and reports : Morbidity and mortality weekly report. Recommendations and reports / Centers for Disease Control	2013 Jun 21		38				D002487|D003267;Q000379|D005260|D006801|D008297|D011247|D014481|D014944
23752681	Annals of internal medicine	2013 Aug 20	2013/06/11	7				D000293|D002648|D002649;Q000517|D002675|D017579;Q000517|D006302|D006801|D007231|D019221|D008403|D011320|D018570|D012747|D014481
23752201	The Annals of thoracic surgery		2013/06/07	15				D004938;Q000175;Q000601|D006801|D009367;Q000379;Q000592|D017410|D012955|D013903
23747642	Journal of the American College of Cardiology	2013 Oct 15	2013/06/05	820				D000328|D019468|D055317|D006333;Q000145;Q000175;Q000453;Q000209;Q000503;Q000628|D006801|D014481
23733893	Otolaryngology--head and neck surgery : official journal of American Academy of Otolaryngology-Head and Neck Surgery			54				D000328|D006801|D061224;Q000175;Q000209;Q000517|D016343|D019990|D013959;Q000150;Q000473;Q000601|D013965;Q000009|D014826;Q000175;Q000209;Q000517|D014832;Q000209;Q000473;Q000517|D014833
23715580	Journal of clinical oncology : official journal of the American Society of Clinical Oncology	2013 Jul 1	2013/05/28	247				D000293|D000328|D002648|D003142|D015925|D003657|D004622|D019317|D005260|D005298;Q000187;Q000528|D006297|D054625|D006801|D007246;Q000209;Q000517|D007247;Q000209;Q000517|D007248;Q000209;Q000517|D033183|D008297|D009369;Q000628|D009865|D010053;Q000187|D010348|D010353;Q000592|D012017|D014481
23713086	Neurology	2013 May 28		15				D002545;Q000188|D019317;Q000592|D005343;Q000009;Q000627|D006801|D009462;Q000592|D017410|D012955;Q000592|D020521;Q000188
23712442	Journal of bone and mineral research : the official journal of the American Society for Bone and Mineral Research		2013/10/01	210				D000368|D061067;Q000009|D050071;Q000009|D000069448|D018483;Q000473;Q000530|D004164;Q000009|D005260|D005264;Q000453;Q000530|D015775;Q000453;Q000530|D006801|D008297|D008875|D012307
23698791	Annals of internal medicine	2013 Aug 6		79				D000293|D019973;Q000517|D001521;Q000191|D002648|D017281|D003376;Q000191|D006801|D011320|D018570|D012309|D055815
23698643	Clinical pharmacology and therapeutics		2013/05/22	134				D001189;Q000235|D065731|D005820|D014644|D005838|D006801|D010975;Q000493;Q000627|D018570|D013988;Q000031;Q000493;Q000627
23698354	Annals of internal medicine	2013 Jul 2		126				D000293|D000328|D000368|D044966;Q000009;Q000627|D018791|D002318;Q000139|D003362|D003376|D005260|D015658;Q000175;Q000188;Q000517;Q000635|D006801|D008403;Q000191|D008875|D011247|D018570|D012309|D055815
23695185	Clinical pharmacology and therapeutics		2013/05/21	41				D000927;Q000008;Q000009;Q000191|D002220;Q000008;Q000009;Q000191|D003362|D005820|D014644|D005838|D015235;Q000235|D006801|D018570
23688839	The Annals of thoracic surgery			40				D001013;Q000601|D001018;Q000601|D001021;Q000601|D006348;Q000592|D006330;Q000601|D006349;Q000601|D006801|D017410;Q000592|D011785;Q000379|D012955|D014481|D014656;Q000592
23685349	JPEN. Journal of parenteral and enteral nutrition		2013/05/17	9				D001851;Q000209;Q000503;Q000517|D002986|D019587|D006801|D007223|D007234;Q000254|D018977;Q000008|D018529;Q000009|D064887|D012307|D014807;Q000008
23684089	Gastrointestinal endoscopy			34				D016470;Q000209|D061765;Q000009|D019160;Q000009|D004939;Q000209|D005770;Q000175|D006801|D007416;Q000209|D010195;Q000209|D010538;Q000209|D019106;Q000209
23670157	CMAJ : Canadian Medical Association journal = journal de l'Association medicale canadienne	2013 Jun 11	2013/05/13	28				D000328|D003863;Q000175;Q000453|D003865;Q000175|D005260|D006801|D008297|D012307|D013405;Q000517
23669224	Journal of clinical oncology : official journal of the American Society of Clinical Oncology	2013 Jun 10	2013/05/13	247				D006801|D009369;Q000097|D017410|D018570|D014481|D054556;Q000188;Q000517;Q000628
23664162	Gastrointestinal endoscopy		2013/05/07	7				D044963;Q000379;Q000592|D003113;Q000379;Q000592|D015179;Q000473;Q000601;Q000628|D004724;Q000379;Q000592|D019160;Q000379|D019317;Q000592|D005260|D006801|D061705;Q000592|D007150|D008279;Q000379|D008297|D009361;Q000473|D009367;Q000592|D017410;Q000592|D011351;Q000379;Q000592|D012380|D012680|D012955;Q000592|D014057
23664042	Gastrointestinal endoscopy		2013/05/09	8				D000368|D000369|D000698;Q000592|D016292;Q000592|D016099;Q000592|D005260|D015577|D006801|D008297|D017410;Q000592|D010818;Q000592|D012955;Q000592|D007507;Q000592|D017749|D014481
23649456	Chest			165				D001706|D003937|D019317|D006801|D008175;Q000175;Q000473;Q000628|D049268|D013902|D018570|D003074;Q000175;Q000473;Q000628|D014057
23649455	Chest			103				D003376|D006801|D008175;Q000530|D008403;Q000379|D013902|D012306|D012907;Q000009|D013183;Q000166|D014057
23649454	Chest			15				D018687;Q000627|D016642;Q000627|D003376|D019317|D006801|D008175;Q000209;Q000628|D008403|D010353|D012907;Q000009|D020340
23649453	Chest			16				D032722|D019317|D006801|D008175;Q000523;Q000628|D009367|D010166|D010817|D011788|D013315|D017236|D013727
23649452	Chest			30				D018450|D019317|D006801|D008175;Q000150|D010166|D063189;Q000379
23649451	Chest			27				D014408;Q000032|D001999|D003266|D003657|D003952|D019317|D006801|D008175;Q000473;Q000628|D009364|D011159|D011788|D016019
23649450	Chest			12				D000529|D019317|D006801|D055048|D008175;Q000523;Q000628|D011788
23649449	Chest			16				D000970;Q000627|D014408;Q000032|D018890;Q000379|D002986|D006801|D008175;Q000517|D011322|D012307|D055502|D015398|D012907;Q000009|D055512
23649448	Chest			54				D000971;Q000627|D002166;Q000008;Q000031|D018288;Q000473;Q000628|D003131|D005047;Q000008|D019317|D006801|D008175;Q000473;Q000628|D009367|D018579|D017671;Q000008|D049268
23649447	Chest			54				D001932;Q000556|D002289;Q000473;Q000628|D059248|D003952|D006801|D008175;Q000473;Q000628|D008207|D060787|D009361|D009362|D009367|D010178;Q000473;Q000628|D018579|D011013|D013899;Q000556
23649446	Chest			49				D061067;Q000008|D000971;Q000627|D000068258|D002289;Q000188;Q000473|D000068818|D000069347|D005971;Q000008|D006147;Q000008;Q000031|D006801|D008175;Q000188;Q000473|D009367|D018579|D000068437|D017671;Q000008|D047428;Q000008|D011799;Q000008
23649445	Chest			90				D002289;Q000473;Q000628|D059248;Q000379|D003131|D006801|D008175;Q000473;Q000628|D009367|D018579|D017671;Q000627|D011013|D011379
23649443	Chest			137				D002289;Q000473;Q000601;Q000628|D017024|D006801|D008175;Q000473;Q000601;Q000628|D008197|D009367|D018579|D011013|D016634|D018714|D020775
23649442	Chest			12				D001984;Q000175;Q000473;Q000628|D001999|D003952|D018450|D019317|D006801|D008175;Q000175;Q000473;Q000628|D009361|D011230;Q000175;Q000473;Q000628|D013183;Q000166
23649441	Chest			6				D003937|D019317|D006801|D008175;Q000473;Q000601|D010340;Q000379|D011379
23649440	Chest			216				D001707|D001999|D002289;Q000145;Q000473|D019160|D006801|D008175;Q000145;Q000473|D009362;Q000473|D009367;Q000379|D049268|D012680|D014057
23649437	Chest			65				D000367|D005080|D006801|D008175;Q000503;Q000601|D010101;Q000502|D010348|D011237|D011300|D012129|D018570
23649436	Chest			98				D001706;Q000379|D001999;Q000379|D003581;Q000379|D003937|D003952|D006801|D008175;Q000175|D012196|D012680|D013183;Q000166
23649435	Chest			21				D003131|D003937|D003952|D003955|D019317|D006801|D008175;Q000175;Q000628|D008487|D010348|D010808|D011785|D012129|D012196
23647436	British journal of haematology		2013/05/06	9				D003586;Q000175;Q000628;Q000821|D018380|D006801|D014184
23636125	The Journal of orthopaedic and sports physical therapy		2013/04/30	15				D000305;Q000008|D002062;Q000175;Q000628|D003937|D006801|D007270|D052580|D026201|D010353|D012307|D020069;Q000175;Q000628
23634907	Archives of pathology & laboratory medicine		2013/05/01					D003952;Q000379;Q000592|D006651;Q000379;Q000592|D006801|D007090;Q000379;Q000592|D007753|D009656|D015588|D010338;Q000379;Q000592|D015203
23615883	Pain physician			128				D059350;Q000175;Q000628|D019317;Q000379;Q000592|D017408;Q000592|D006801|D059408;Q000295;Q000379;Q000592|D013116;Q000473|D014481
23609613	The American journal of gastroenterology		2013/04/23	241				D015746;Q000209|D000906;Q000097|D001284|D002446;Q000150;Q000175;Q000178;Q000276|D002986|D003937|D003967;Q000209|D055050|D002523;Q000009;Q000276|D016099|D019317|D005414;Q000209|D019204;Q000276|D020022|D005903;Q000276|D005983;Q000276|D006683;Q000097|D006801|D007070;Q000097|D007413;Q000473|D007421;Q000473|D010353|D012680|D045602;Q000209|D011503;Q000276|D015431
23575392	Diseases of the colon and rectum			64				D000970;Q000627|D002277;Q000628|D059186;Q000379|D003131;Q000379|D006801|D020360;Q000379|D011878|D012004;Q000628|D012007;Q000601
23574709	Contraception		2013/02/26	9				D000028;Q000009;Q000191;Q000379|D004107;Q000009;Q000191;Q000379|D019317|D005260|D005865|D017048|D006801|D011183;Q000517|D011247|D011261|D011271;Q000175;Q000601|D014619;Q000009;Q000191;Q000379
23573815	British journal of haematology		2013/04/10	40				D018798;Q000175|D023181;Q000097|D015415;Q000097|D001800;Q000379|D019411;Q000379|D004921;Q000097|D064451|D006801|D007501;Q000097;Q000172|D011990;Q000097
23573799	Breastfeeding medicine : the official journal of the Academy of Breastfeeding Medicine			9				D001942|D002985|D005260|D006293|D006801|D007223|D007224;Q000379|D007231|D008297|D008427;Q000379|D009513|D010824;Q000458;Q000592;Q000639|D011247
23568997	Neurology	2013 Apr 9		32				D000047;Q000592|D015766;Q000627|D000923;Q000627|D002986|D016208;Q000706|D003952|D019317;Q000379;Q000592|D005260|D006801|D008297|D020019;Q000188|D009462;Q000379;Q000592
23567643	Annals of internal medicine	2013 May 21		76				D000328|D003657|D051517;Q000592|D055088;Q000592|D006801|D008297|D008403;Q000592|D008875|D017410|D017430;Q000097|D011471;Q000175;Q000517;Q000628|D012307|D014481
23567357	The American journal of gastroenterology		2013/04/09	208				D000328|D000465|D000730;Q000627|D000893;Q000627|D001706|D002986|D003937|D023381|D004802;Q000175;Q000473|D057765;Q000150;Q000175;Q000473;Q000628|D004945|D004947;Q000473|D019317|D000068298|D005764;Q000175;Q000628|D006801|D011241;Q000627|D054328;Q000627
23551194	Archives of pathology & laboratory medicine		2013/04/03	123				D000230;Q000188;Q000235;Q000473|D000970;Q000627|D000069347|D005820|D006801|D008175;Q000188;Q000235;Q000473|D025202;Q000379|D058990|D018579|D047428;Q000627|D011799;Q000627|D020794;Q000037;Q000235|D011958;Q000037;Q000235
23541660	The Canadian journal of cardiology		2013/03/29	86				D000328|D000375;Q000502|D000959;Q000627|D001794;Q000502|D001795|D002170|D002318;Q000517|D015444;Q000502|D006266|D006801|D006973;Q000175;Q000188|D018570
23540878	American journal of respiratory and critical care medicine	2013 Apr 1		116				D000318;Q000627|D000890;Q000627|D000894;Q000627|D001993;Q000627|D003550;Q000188|D019005;Q000819|D019317|D006801|D017410
23529351	Endocrine practice : official journal of the American College of Endocrinology and the American Association of Clinical Endocrinologists			76				D000328|D052938;Q000592|D050110;Q000009|D057189|D003131|D019317|D006801|D009767;Q000178;Q000601|D019990|D011183;Q000517|D057285
